frame,timestamp,cx,cy,bbox_x,bbox_y,bbox_w,bbox_h,fps,confidence,tracking_status
1,1768440357.2266622,,,,,,,8.73,,lost
2,1768440357.3718102,,,,,,,9.46,,lost
3,1768440357.512735,,,,,,,9.75,,lost
4,1768440357.657865,,,,,,,9.78,,lost
5,1768440357.9059157,,,,,,,9.06,,lost
6,1768440358.1380894,,,,,,,8.62,,lost
8,1768440358.5532613,,,,,,,8.35,,lost
9,1768440358.7685823,,,,,,,8.24,,lost
10,1768440358.9794564,,,,,,,8.26,,lost
12,1768440359.3357244,,,,,,,8.35,,lost
13,1768440359.5067399,,,,,,,8.43,,lost
14,1768440359.6604836,,,,,,,8.49,,lost
15,1768440359.8328364,,,,,,,8.46,,lost
17,1768440360.1568658,,,,,,,8.51,,lost
18,1768440360.3110836,,,,,,,8.60,,lost
19,1768440360.4790664,,,,,,,8.60,,lost
20,1768440360.63893,,,,,,,8.59,,lost
21,1768440360.7687867,,,,,,,8.70,,lost
22,1768440360.9001634,,,,,,,8.78,,lost
23,1768440361.0473616,,,,,,,8.83,,lost
24,1768440361.220462,,,,,,,8.82,,lost
25,1768440361.4119017,,,,,,,8.77,,lost
26,1768440361.5621479,,,,,,,8.81,,lost
27,1768440361.7017307,,,,,,,8.88,,lost
28,1768440361.8277717,,,,,,,8.96,,lost
30,1768440362.0974524,,,,,,,9.09,,lost
31,1768440362.2426932,,,,,,,9.14,,lost
32,1768440362.3865964,,,,,,,9.15,,lost
33,1768440362.5536034,,,,,,,9.12,,lost
34,1768440362.7158082,,,,,,,9.10,,lost
35,1768440362.8807828,,,,,,,9.19,,lost
37,1768440363.2430532,,,,,,,9.31,,lost
38,1768440363.3886247,,,,,,,9.40,,lost
39,1768440363.5284483,,,,,,,9.53,,lost
40,1768440363.6971323,,,,,,,9.55,,lost
41,1768440363.844852,,,,,,,9.59,,lost
42,1768440363.9837213,,,,,,,9.68,,lost
43,1768440364.118005,,,,,,,9.72,,lost
44,1768440364.2511375,,,,,,,9.77,,lost
45,1768440364.3877559,,,,,,,9.86,,lost
46,1768440364.5160282,,,,,,,9.95,,lost
47,1768440364.669326,,,,,,,9.95,,lost
48,1768440364.828157,,,,,,,9.89,,lost
49,1768440365.0137322,,,,,,,9.82,,lost
50,1768440365.1661491,,,,,,,9.86,,lost
51,1768440365.3190706,,,,,,,9.82,,lost
52,1768440365.4826548,,,,,,,9.77,,lost
53,1768440365.6138546,,,,,,,9.82,,lost
54,1768440365.7790303,,,,,,,9.85,,lost
55,1768440365.9450157,,,,,,,9.91,,lost
56,1768440366.1105914,,,,,,,9.85,,lost
57,1768440366.2738628,,,,,,,9.80,,lost
58,1768440366.45425,,,,,,,9.70,,lost
59,1768440366.6076114,,,,,,,9.65,,lost
60,1768440366.7929516,,,,,,,9.55,,lost
61,1768440366.9466689,,,,,,,9.53,,lost
62,1768440367.1310446,,,,,,,9.45,,lost
63,1768440367.3126192,,,,,,,9.42,,lost
64,1768440367.4566958,,,,,,,9.47,,lost
65,1768440367.5935,,,,,,,9.54,,lost
66,1768440367.7253425,,,,,,,9.66,,lost
67,1768440367.8800325,,,,,,,9.70,,lost
68,1768440368.0260828,,,,,,,9.68,,lost
69,1768440368.1983068,,,,,,,9.62,,lost
70,1768440368.355218,,,,,,,9.65,,lost
71,1768440368.5136535,,,,,,,9.63,,lost
72,1768440368.6820374,,,,,,,9.57,,lost
73,1768440368.84449,,,,,,,9.50,,lost
74,1768440369.0206342,,,,,,,9.43,,lost
75,1768440369.1838243,,,,,,,9.40,,lost
76,1768440369.3523927,,,,,,,9.32,,lost
77,1768440369.5240448,,,,,,,9.35,,lost
78,1768440369.7363145,,,,,,,9.27,,lost
79,1768440369.9142337,,,,,,,9.34,,lost
80,1768440370.0686433,,,,,,,9.32,,lost
81,1768440370.2355917,,,,,,,9.28,,lost
82,1768440370.3725333,,,,,,,9.31,,lost
83,1768440370.5306327,,,,,,,9.25,,lost
84,1768440370.7003698,,,,,,,9.24,,lost
85,1768440370.8711123,,,,,,,9.22,,lost
86,1768440371.0411727,,,,,,,9.24,,lost
87,1768440371.1878672,,,,,,,9.25,,lost
88,1768440371.3236935,,,,,,,9.34,,lost
89,1768440371.4576771,,,,,,,9.37,,lost
90,1768440371.5919666,,,,,,,9.47,,lost
91,1768440371.7220674,,,,,,,9.53,,lost
92,1768440371.8596811,,,,,,,9.62,,lost
93,1768440372.0467174,,,,,,,9.55,,lost
94,1768440372.2426078,,,,,,,9.41,,lost
95,1768440372.413111,,,,,,,9.36,,lost
96,1768440372.5807273,,,,,,,9.30,,lost
97,1768440372.7680361,,,,,,,9.25,,lost
98,1768440372.9488358,,,,,,,9.13,,lost
99,1768440373.1181543,,,,,,,9.13,,lost
100,1768440373.3014905,,,,,,,9.06,,lost
101,1768440373.478126,,,,,,,9.01,,lost
102,1768440373.6379228,,,,,,,9.00,,lost
103,1768440373.7981827,,,,,,,9.02,,lost
104,1768440373.9728127,,,,,,,9.01,,lost
105,1768440374.1140606,,,,,,,9.05,,lost
106,1768440374.2491317,,,,,,,9.12,,lost
107,1768440374.4017246,,,,,,,9.12,,lost
108,1768440374.5432255,,,,,,,9.26,,lost
109,1768440374.6943796,,,,,,,9.31,,lost
110,1768440374.8572557,,,,,,,9.35,,lost
111,1768440375.0232556,,,,,,,9.36,,lost
112,1768440375.1677077,,,,,,,9.34,,lost
113,1768440375.3370693,,,,,,,9.35,,lost
114,1768440375.5012212,,,,,,,9.34,,lost
115,1768440375.6598265,,,,,,,9.39,,lost
116,1768440375.8100128,,,,,,,9.46,,lost
117,1768440375.9558296,,,,,,,9.46,,lost
118,1768440376.1126187,,,,,,,9.43,,lost
119,1768440376.2575026,,,,,,,9.41,,lost
120,1768440376.406228,,,,,,,9.39,,lost
121,1768440376.5690396,,,,,,,9.34,,lost
122,1768440376.7050238,,,,,,,9.36,,lost
123,1768440376.8679137,,,,,,,9.44,,lost
124,1768440377.0135667,,,,,,,9.57,,lost
125,1768440377.1693504,,,,,,,9.55,,lost
126,1768440377.3375108,,,,,,,9.56,,lost
127,1768440377.5142076,,,,,,,9.57,,lost
128,1768440377.701345,,,,,,,9.60,,lost
129,1768440377.876402,,,,,,,9.62,,lost
130,1768440378.0349598,,,,,,,9.68,,lost
131,1768440378.1936045,,,,,,,9.71,,lost
132,1768440378.3351622,,,,,,,9.80,,lost
133,1768440378.497758,,,,,,,9.81,,lost
134,1768440378.6567013,,,,,,,9.85,,lost
135,1768440378.8010716,,,,,,,9.84,,lost
136,1768440378.9553323,,,,,,,9.80,,lost
137,1768440379.1164896,,,,,,,9.80,,lost
138,1768440379.2877665,,,,,,,9.73,,lost
139,1768440379.4730678,,,,,,,9.66,,lost
140,1768440379.6178448,,,,,,,9.68,,lost
141,1768440379.7627056,,,,,,,9.75,,lost
142,1768440379.944321,,,,,,,9.65,,lost
143,1768440380.1075642,,,,,,,9.65,,lost
144,1768440380.2763937,,,,,,,9.67,,lost
145,1768440380.430414,,,,,,,9.67,,lost
146,1768440380.5724876,,,,,,,9.65,,lost
147,1768440380.7240388,,,,,,,9.65,,lost
148,1768440380.8556912,,,,,,,9.69,,lost
149,1768440381.0202043,,,,,,,9.68,,lost
150,1768440381.1842835,,,,,,,9.65,,lost
151,1768440381.3172185,,,,,,,9.68,,lost
152,1768440381.4439974,,,,,,,9.67,,lost
153,1768440381.5839674,,,,,,,9.72,,lost
154,1768440381.7200212,,,,,,,9.76,,lost
155,1768440381.845691,,,,,,,9.84,,lost
156,1768440381.9879377,,,,,,,9.88,,lost
157,1768440382.145243,,,,,,,9.88,,lost
158,1768440382.3171072,,,,,,,9.87,,lost
159,1768440382.4765775,,,,,,,9.87,,lost
160,1768440382.6217964,,,,,,,9.94,,lost
161,1768440382.7816458,,,,,,,9.93,,lost
162,1768440382.9372592,,,,,,,9.90,,lost
163,1768440383.1075509,,,,,,,9.83,,lost
164,1768440383.2998753,,,,,,,9.77,,lost
165,1768440383.4674933,,,,,,,9.72,,lost
166,1768440383.6284237,,,,,,,9.68,,lost
167,1768440383.8435228,,,,,,,9.52,,lost
168,1768440384.0112405,,,,,,,9.51,,lost
169,1768440384.1969914,,,,,,,9.50,,lost
170,1768440384.4072764,,,,,,,9.35,,lost
171,1768440384.542394,,,,,,,9.35,,lost
172,1768440384.7075834,,,,,,,9.41,,lost
173,1768440384.876315,,,,,,,9.42,,lost
174,1768440385.0234554,,,,,,,9.44,,lost
175,1768440385.2012017,,,,,,,9.40,,lost
176,1768440385.3706238,,,,,,,9.34,,lost
177,1768440385.536766,,,,,,,9.30,,lost
178,1768440385.7255814,,,,,,,9.19,,lost
186,1768440386.9793608,,,,,,,8.91,,lost
195,1768440388.4094698,,,,,,,9.08,,lost
198,1768440388.877738,,,,,,,9.31,,lost
235,1768440394.9857783,,,,,,,9.15,,lost
236,1768440395.1124997,,,,,,,9.23,,lost
242,1768440395.94716,,,,,,,9.52,,lost
243,1768440396.111986,,,,,,,9.52,,lost
244,1768440396.3027446,,,,,,,9.46,,lost
287,1768440403.0373392,,,,,,,9.49,,lost
288,1768440403.183621,,,,,,,9.56,,lost
290,1768440403.5010817,,,,,,,9.56,,lost
295,1768440404.348062,,,,,,,9.30,,lost
296,1768440404.528228,,,,,,,9.24,,lost
299,1768440405.0210354,,,,,,,9.18,,lost
365,1768440415.279852,,,,,,,10.06,,lost
371,1768440416.2552588,,,,,,,9.90,,lost
372,1768440416.4029858,,,,,,,9.92,,lost
373,1768440416.5708227,,,,,,,9.86,,lost
374,1768440416.7687685,,,,,,,9.78,,lost
388,1768440419.0995939,,,,,,,9.45,,lost
405,1768440421.947883,,,,,,,9.23,,lost
412,1768440423.1993353,,,,,,,9.00,,lost
414,1768440423.5449822,,,,,,,9.01,,lost
420,1768440424.5533924,,,,,,,9.04,,lost
438,1768440427.3764503,,,,,,,9.47,,lost
439,1768440427.5520296,,,,,,,9.50,,lost
440,1768440427.719028,,,,,,,9.47,,lost
441,1768440427.8796206,,,,,,,9.47,,lost
442,1768440428.017698,,,,,,,9.63,,lost
443,1768440428.1911678,,,,,,,9.59,,lost
444,1768440428.3849878,,,,,,,9.54,,lost
445,1768440428.5966647,,,,,,,9.37,,lost
446,1768440428.7691464,,,,,,,9.42,,lost
447,1768440428.9483297,,,,,,,9.44,,lost
448,1768440429.117644,,,,,,,9.41,,lost
449,1768440429.277066,,,,,,,9.39,,lost
450,1768440429.4716825,,,,,,,9.34,,lost
451,1768440429.6441247,,,,,,,9.30,,lost
453,1768440429.9588623,,,,,,,9.25,,lost
454,1768440430.0972512,,,,,,,9.27,,lost
455,1768440430.2508578,,,,,,,9.27,,lost
456,1768440430.4257305,,,,,,,9.23,,lost
457,1768440430.6020272,,,,,,,9.25,,lost
458,1768440430.7821064,,,,,,,9.18,,lost
459,1768440430.98181,,,,,,,9.16,,lost
460,1768440431.181739,,,,,,,9.09,,lost
461,1768440431.3469863,,,,,,,9.16,,lost
462,1768440431.5215123,,,,,,,9.17,,lost
463,1768440431.7011855,,,,,,,9.17,,lost
464,1768440431.8772767,,,,,,,9.08,,lost
465,1768440432.0516803,,,,,,,9.02,,lost
466,1768440432.2415788,,,,,,,8.94,,lost
467,1768440432.4145677,,,,,,,8.89,,lost
468,1768440432.561857,,,,,,,8.87,,lost
469,1768440432.7085443,,,,,,,8.95,,lost
470,1768440432.859511,,,,,,,8.98,,lost
471,1768440432.9998434,,,,,,,9.01,,lost
472,1768440433.1773708,,,,,,,8.93,,lost
474,1768440433.5279615,,,,,,,9.02,,lost
476,1768440433.882269,,,,,,,9.13,,lost
481,1768440434.6688197,,,,,,,9.31,,lost
482,1768440434.830168,,,,,,,9.31,,lost
496,1768440436.8987784,,,,,,,9.91,,lost
498,1768440437.2151017,,,,,,,9.91,,lost
499,1768440437.3694258,,,,,,,9.87,,lost
500,1768440437.5143592,,,,,,,9.91,,lost
501,1768440437.647917,,,,,,,9.92,,lost
502,1768440437.7788084,,,,,,,10.02,,lost
503,1768440437.9702249,,,,,,,9.94,,lost
504,1768440438.2045982,,,,,,,9.70,,lost
505,1768440438.3825712,,,,,,,9.70,,lost
507,1768440438.6930895,,,,,,,9.77,,lost
508,1768440438.8651779,,,,,,,9.78,,lost
509,1768440439.009242,,,,,,,9.79,,lost
510,1768440439.161407,,,,,,,9.76,,lost
514,1768440439.768764,,,,,,,9.72,,lost
515,1768440439.9402986,,,,,,,9.64,,lost
516,1768440440.088316,,,,,,,9.61,,lost
517,1768440440.2289705,,,,,,,9.60,,lost
518,1768440440.4049873,,,,,,,9.51,,lost
519,1768440440.543628,,,,,,,9.50,,lost
520,1768440440.7126923,,,,,,,9.42,,lost
521,1768440440.8758523,,,,,,,9.42,,lost
522,1768440441.0290318,,,,,,,9.47,,lost
523,1768440441.162686,,,,,,,9.57,,lost
524,1768440441.323447,,,,,,,9.52,,lost
525,1768440441.5060606,,,,,,,9.42,,lost
526,1768440441.6733851,,,,,,,9.42,,lost
527,1768440441.8344195,,,,,,,9.42,,lost
528,1768440442.017332,,,,,,,9.37,,lost
529,1768440442.1748993,,,,,,,9.39,,lost
530,1768440442.3610017,,,,,,,9.28,,lost
531,1768440442.5408492,,,,,,,9.18,,lost
532,1768440442.6876113,,,,,,,9.15,,lost
533,1768440442.8867455,,,,,,,9.15,,lost
534,1768440443.064722,,,,,,,9.33,,lost
535,1768440443.2228646,,,,,,,9.38,,lost
536,1768440443.3750587,,,,,,,9.38,,lost
537,1768440443.5174224,,,,,,,9.40,,lost
538,1768440443.6864965,,,,,,,9.38,,lost
539,1768440443.852476,,,,,,,9.33,,lost
540,1768440444.0133886,,,,,,,9.33,,lost
541,1768440444.1708295,,,,,,,9.35,,lost
542,1768440444.3487132,,,,,,,9.26,,lost
543,1768440444.5283778,,,,,,,9.27,,lost
544,1768440444.718929,,,,,,,9.19,,lost
545,1768440444.8961127,,,,,,,9.22,,lost
546,1768440445.063033,,,,,,,9.21,,lost
549,1768440445.5857692,,,,,,,9.13,,lost
550,1768440445.756379,,,,,,,9.16,,lost
551,1768440445.9257157,,,,,,,9.17,,lost
552,1768440446.081112,,,,,,,9.19,,lost
553,1768440446.250897,,,,,,,9.12,,lost
554,1768440446.4029272,,,,,,,9.18,,lost
555,1768440446.5594714,,,,,,,9.24,,lost
558,1768440447.1050596,,,,,,,9.14,,lost
559,1768440447.3083656,,,,,,,9.06,,lost
560,1768440447.4717247,,,,,,,9.11,,lost
561,1768440447.6536386,,,,,,,9.12,,lost
562,1768440447.834096,,,,,,,9.06,,lost
564,1768440448.191076,,,,,,,9.15,,lost
567,1768440448.6880598,,,,,,,9.05,,lost
568,1768440448.8470201,,,,,,,9.09,,lost
569,1768440449.0023253,,,,,,,9.12,,lost
570,1768440449.1493042,,,,,,,9.13,,lost
571,1768440449.2903068,,,,,,,9.16,,lost
572,1768440449.4283247,,,,,,,9.26,,lost
573,1768440449.585512,,,,,,,9.27,,lost
574,1768440449.729295,,,,,,,9.38,,lost
575,1768440449.893186,,,,,,,9.35,,lost
576,1768440450.0723464,,,,,,,9.32,,lost
577,1768440450.2707949,,,,,,,9.27,,lost
578,1768440450.4361498,,,,,,,9.32,,lost
579,1768440450.5919337,,,,,,,9.35,,lost
580,1768440450.7550716,,,,,,,9.33,,lost
581,1768440450.9225967,,,,,,,9.32,,lost
582,1768440451.114856,,,,,,,9.25,,lost
583,1768440451.279501,,,,,,,9.28,,lost
584,1768440451.4290626,,,,,,,9.29,,lost
585,1768440451.6194754,,,,,,,9.24,,lost
586,1768440451.785265,,,,,,,9.21,,lost
587,1768440451.9508612,,,,,,,9.28,,lost
588,1768440452.1077657,,,,,,,9.35,,lost
593,1768440453.0198708,,,,,,,9.35,,lost
595,1768440453.3494804,,,,,,,9.33,,lost
596,1768440453.5320013,,,,,,,9.37,,lost
597,1768440453.7003746,,,,,,,9.32,,lost
598,1768440453.8653169,,,,,,,9.29,,lost
599,1768440454.0183773,,,,,,,9.33,,lost
608,1768440455.4565737,,,,,,,9.33,,lost
609,1768440455.6022217,,,,,,,9.32,,lost
610,1768440455.796819,,,,,,,9.22,,lost
639,1768440460.115151,,,,,,,10.02,,lost
640,1768440460.2728763,,,,,,,10.19,,lost
641,1768440460.4253876,,,,,,,10.22,,lost
642,1768440460.6133952,,,,,,,10.10,,lost
652,1768440462.3606923,,,,,,,9.52,,lost
653,1768440462.515208,,,,,,,9.52,,lost
654,1768440462.669336,,,,,,,9.48,,lost
674,1768440466.0764592,,,,,,,8.80,,lost
675,1768440466.2220078,,,,,,,8.88,,lost
676,1768440466.3543983,,,,,,,8.97,,lost
677,1768440466.4903727,,,,,,,9.01,,lost
679,1768440466.8123014,,,,,,,9.06,,lost
680,1768440466.9534442,,,,,,,9.12,,lost
681,1768440467.0988498,,,,,,,9.15,,lost
682,1768440467.2393637,,,,,,,9.26,,lost
683,1768440467.375641,,,,,,,9.26,,lost
684,1768440467.5198128,,,,,,,9.29,,lost
685,1768440467.6857672,,,,,,,9.27,,lost
687,1768440468.0322385,,,,,,,9.31,,lost
688,1768440468.2430644,,,,,,,9.19,,lost
689,1768440468.3992355,,,,,,,9.26,,lost
690,1768440468.5372686,,,,,,,9.27,,lost
692,1768440468.8533351,,,,,,,9.35,,lost
694,1768440469.2359788,,,,,,,9.19,,lost
695,1768440469.4154704,,,,,,,9.15,,lost
696,1768440469.554022,,,,,,,9.22,,lost
697,1768440469.6934676,,,,,,,9.30,,lost
698,1768440469.84161,,,,,,,9.28,,lost
699,1768440469.977132,,,,,,,9.41,,lost
700,1768440470.1454003,,,,,,,9.41,,lost
701,1768440470.306435,,,,,,,9.43,,lost
702,1768440470.4486303,,,,,,,9.46,,lost
703,1768440470.5978012,,,,,,,9.58,,lost
704,1768440470.7425992,,,,,,,9.64,,lost
705,1768440470.9055543,,,,,,,9.58,,lost
706,1768440471.096975,,,,,,,9.49,,lost
707,1768440471.26047,,,,,,,9.41,,lost
708,1768440471.4108505,,,,,,,9.45,,lost
709,1768440471.563175,,,,,,,9.48,,lost
710,1768440471.7414134,,,,,,,9.39,,lost
711,1768440471.9090774,,,,,,,9.37,,lost
712,1768440472.1010485,,,,,,,9.24,,lost
713,1768440472.2408824,,,,,,,9.26,,lost
714,1768440472.3722603,,,,,,,9.29,,lost
715,1768440472.5060267,,,,,,,9.35,,lost
716,1768440472.6657126,,,,,,,9.37,,lost
717,1768440472.8226564,,,,,,,9.37,,lost
718,1768440473.0042384,,,,,,,9.50,,lost
719,1768440473.1681678,,,,,,,9.53,,lost
720,1768440473.3566968,,,,,,,9.43,,lost
721,1768440473.500072,,,,,,,9.47,,lost
722,1768440473.6471903,,,,,,,9.49,,lost
723,1768440473.7946343,,,,,,,9.58,,lost
724,1768440473.9757133,,,,,,,9.61,,lost
725,1768440474.1400862,,,,,,,9.61,,lost
726,1768440474.2919605,,,,,,,9.60,,lost
727,1768440474.4458134,,,,,,,9.56,,lost
728,1768440474.6092808,,,,,,,9.50,,lost
729,1768440474.7644198,,,,,,,9.46,,lost
730,1768440474.9184694,,,,,,,9.48,,lost
731,1768440475.0577137,,,,,,,9.57,,lost
732,1768440475.2125802,,,,,,,9.52,,lost
733,1768440475.3527288,,,,,,,9.56,,lost
734,1768440475.4975865,,,,,,,9.55,,lost
735,1768440475.6274505,,,,,,,9.61,,lost
736,1768440475.7558343,,,,,,,9.71,,lost
737,1768440475.8970478,,,,,,,9.81,,lost
738,1768440476.0301535,,,,,,,9.81,,lost
739,1768440476.1621017,,,,,,,9.87,,lost
740,1768440476.3150382,,,,,,,9.92,,lost
741,1768440476.476233,,,,,,,9.90,,lost
742,1768440476.652535,,,,,,,9.94,,lost
743,1768440476.811459,,,,,,,9.88,,lost
744,1768440476.9587092,,,,,,,9.84,,lost
745,1768440477.150017,,,,,,,9.72,,lost
746,1768440477.322697,,,,,,,9.69,,lost
747,1768440477.4762917,,,,,,,9.71,,lost
748,1768440477.6262796,,,,,,,9.79,,lost
749,1768440477.7889392,,,,,,,9.76,,lost
750,1768440477.9483907,,,,,,,9.77,,lost
751,1768440478.1212294,,,,,,,9.71,,lost
752,1768440478.266005,,,,,,,9.72,,lost
753,1768440478.4083211,,,,,,,9.73,,lost
754,1768440478.548882,,,,,,,9.83,,lost
759,1768440479.2792573,,,,,,,9.89,,lost
764,1768440480.013948,,,,,,,9.88,,lost
766,1768440480.3706522,,,,,,,9.72,,lost
769,1768440480.9061048,,,,,,,9.41,,lost
770,1768440481.1062367,,,,,,,9.32,,lost
773,1768440481.5298083,,,,,,,9.55,,lost
774,1768440481.708995,,,,,,,9.49,,lost
775,1768440481.8589435,,,,,,,9.59,,lost
776,1768440482.0102758,,,,,,,9.66,,lost
777,1768440482.1620421,,,,,,,9.62,,lost
779,1768440482.4782515,,,,,,,9.63,,lost
780,1768440482.609873,,,,,,,9.71,,lost
783,1768440483.0430453,,,,,,,9.75,,lost
784,1768440483.2083538,,,,,,,9.69,,lost
785,1768440483.4319327,,,,,,,9.52,,lost
786,1768440483.5793324,,,,,,,9.55,,lost
787,1768440483.7223523,,,,,,,9.52,,lost
788,1768440483.8940933,,,,,,,9.47,,lost
791,1768440484.3989317,,,,,,,9.39,,lost
792,1768440484.561102,,,,,,,9.31,,lost
793,1768440484.7213182,,,,,,,9.26,,lost
794,1768440484.9068983,,,,,,,9.26,,lost
795,1768440485.114387,,,,,,,9.25,,lost
796,1768440485.268287,,,,,,,9.27,,lost
797,1768440485.4039302,,,,,,,9.30,,lost
798,1768440485.545204,,,,,,,9.33,,lost
799,1768440485.691066,,,,,,,9.53,,lost
800,1768440485.8460565,,,,,,,9.63,,lost
801,1768440486.0304601,,,,,,,9.51,,lost
802,1768440486.2014062,,,,,,,9.48,,lost
803,1768440486.3399296,,,,,,,9.46,,lost
804,1768440486.486583,,,,,,,9.53,,lost
805,1768440486.664777,,,,,,,9.46,,lost
806,1768440486.831835,,,,,,,9.44,,lost
809,1768440487.3010757,,,,,,,9.46,,lost
810,1768440487.4640625,,,,,,,9.43,,lost
811,1768440487.6186864,,,,,,,9.37,,lost
816,1768440488.592476,,,,,,,9.09,,lost
820,1768440489.3283184,,,,,,,8.96,,lost
821,1768440489.487383,,,,,,,8.95,,lost
822,1768440489.675747,,,,,,,8.92,,lost
828,1768440490.7500224,,,,,,,8.71,,lost
829,1768440490.9119565,,,,,,,8.69,,lost
833,1768440491.593074,,,,,,,8.63,,lost
835,1768440491.9550486,,,,,,,8.56,,lost
836,1768440492.1160986,,,,,,,8.58,,lost
837,1768440492.2702491,,,,,,,8.57,,lost
838,1768440492.453842,,,,,,,8.50,,lost
839,1768440492.6062636,,,,,,,8.50,,lost
840,1768440492.7400312,,,,,,,8.54,,lost
841,1768440492.8820739,,,,,,,8.55,,lost
842,1768440493.04683,,,,,,,8.66,,lost
844,1768440493.39467,,,,,,,8.69,,lost
845,1768440493.5394983,,,,,,,8.80,,lost
846,1768440493.695519,,,,,,,8.87,,lost
847,1768440493.8663023,,,,,,,8.89,,lost
848,1768440494.0556939,,,,,,,8.88,,lost
849,1768440494.2147033,,,,,,,8.91,,lost
850,1768440494.3577485,,,,,,,9.02,,lost
852,1768440494.678311,,,,,,,9.02,,lost
853,1768440494.8696184,,,,,,,8.97,,lost
854,1768440495.0518136,,,,,,,8.97,,lost
859,1768440495.9116197,,,,,,,9.07,,lost
861,1768440496.2227044,,,,,,,9.09,,lost
862,1768440496.3970714,,,,,,,9.09,,lost
863,1768440496.5868454,,,,,,,9.07,,lost
864,1768440496.779846,,,,,,,9.05,,lost
865,1768440496.9727507,,,,,,,9.06,,lost
866,1768440497.1626694,,,,,,,8.98,,lost
867,1768440497.3388228,,,,,,,8.96,,lost
868,1768440497.51096,,,,,,,8.97,,lost
869,1768440497.6694736,,,,,,,9.01,,lost
870,1768440497.816247,,,,,,,8.99,,lost
871,1768440497.9663835,,,,,,,9.00,,lost
872,1768440498.1171978,,,,,,,9.01,,lost
873,1768440498.2671418,,,,,,,9.04,,lost
874,1768440498.4596286,,,,,,,9.00,,lost
875,1768440498.6253693,,,,,,,8.98,,lost
876,1768440498.81626,,,,,,,8.93,,lost
877,1768440498.9882066,,,,,,,8.95,,lost
878,1768440499.1374345,,,,,,,9.02,,lost
879,1768440499.2931874,,,,,,,9.03,,lost
880,1768440499.4679525,,,,,,,8.98,,lost
881,1768440499.6281118,,,,,,,8.93,,lost
882,1768440499.8261566,,,,,,,8.98,,lost
883,1768440499.9995582,,,,,,,9.01,,lost
884,1768440500.1734996,,,,,,,9.01,,lost
885,1768440500.3420715,,,,,,,9.02,,lost
894,1768440501.800461,,,,,,,9.17,,lost
898,1768440502.5502982,,,,,,,9.19,,lost
899,1768440502.7231205,,,,,,,9.17,,lost
900,1768440502.8795402,,,,,,,9.12,,lost
901,1768440503.0521977,,,,,,,9.07,,lost
902,1768440503.234244,,,,,,,9.01,,lost
903,1768440503.4197462,,,,,,,9.00,,lost
904,1768440503.565272,,,,,,,9.10,,lost
905,1768440503.7196364,,,,,,,9.13,,lost
906,1768440503.8709137,,,,,,,9.18,,lost
907,1768440504.0018332,,,,,,,9.23,,lost
909,1768440504.3367853,,,,,,,9.19,,lost
910,1768440504.4834437,,,,,,,9.25,,lost
911,1768440504.6772182,,,,,,,9.20,,lost
912,1768440504.8306248,,,,,,,9.26,,lost
917,1768440505.6183133,,,,,,,9.23,,lost
918,1768440505.7793694,,,,,,,9.20,,lost
919,1768440505.9274766,,,,,,,9.25,,lost
920,1768440506.0596945,,,,,,,9.24,,lost
921,1768440506.209656,,,,,,,9.30,,lost
922,1768440506.3410459,,,,,,,9.37,,lost
923,1768440506.4823554,,,,,,,9.45,,lost
928,1768440507.2577229,,,,,,,9.73,,lost
929,1768440507.420708,,,,,,,9.72,,lost
931,1768440507.7620733,,,,,,,9.72,,lost
932,1768440507.9474597,,,,,,,9.75,,lost
933,1768440508.0977736,,,,,,,9.81,,lost
934,1768440508.2306457,,,,,,,9.83,,lost
935,1768440508.381945,,,,,,,9.79,,lost
936,1768440508.5248466,,,,,,,9.84,,lost
937,1768440508.7210119,,,,,,,9.72,,lost
938,1768440508.869307,,,,,,,9.76,,lost
939,1768440509.0225976,,,,,,,9.76,,lost
940,1768440509.1829672,,,,,,,9.74,,lost
941,1768440509.3710716,,,,,,,9.72,,lost
942,1768440509.5198524,,,,,,,9.75,,lost
945,1768440510.0164068,,,,,,,9.82,,lost
946,1768440510.1806026,,,,,,,9.79,,lost
947,1768440510.3542254,,,,,,,9.74,,lost
948,1768440510.526993,,,,,,,9.73,,lost
949,1768440510.7004616,,,,,,,9.68,,lost
950,1768440510.8829942,,,,,,,9.61,,lost
951,1768440511.0302901,,,,,,,9.63,,lost
952,1768440511.1643476,,,,,,,9.63,,lost
953,1768440511.3085477,,,,,,,9.61,,lost
954,1768440511.439172,,,,,,,9.62,,lost
955,1768440511.6097925,,,,,,,9.52,,lost
956,1768440511.7840717,,,,,,,9.56,,lost
957,1768440511.9650612,,,,,,,9.52,,lost
958,1768440512.1022844,,,,,,,9.56,,lost
959,1768440512.235709,,,,,,,9.61,,lost
960,1768440512.3877325,,,,,,,9.64,,lost
961,1768440512.5277379,,,,,,,9.74,,lost
962,1768440512.7063577,,,,,,,9.72,,lost
963,1768440512.8971744,,,,,,,9.61,,lost
964,1768440513.0667622,,,,,,,9.55,,lost
965,1768440513.218994,,,,,,,9.58,,lost
966,1768440513.3562307,,,,,,,9.59,,lost
967,1768440513.491504,,,,,,,9.72,,lost
968,1768440513.6279123,,,,,,,9.75,,lost
969,1768440513.759799,,,,,,,9.78,,lost
970,1768440513.8958585,,,,,,,9.82,,lost
971,1768440514.038306,,,,,,,9.96,,lost
972,1768440514.1730573,,,,,,,9.99,,lost
973,1768440514.3077812,,,,,,,10.11,,lost
974,1768440514.4549034,,,,,,,10.14,,lost
975,1768440514.5928707,,,,,,,10.14,,lost
976,1768440514.739106,,,,,,,10.22,,lost
977,1768440514.8769672,,,,,,,10.25,,lost
978,1768440515.021381,,,,,,,10.31,,lost
979,1768440515.1830592,,,,,,,10.36,,lost
980,1768440515.3600316,,,,,,,10.31,,lost
981,1768440515.5429876,,,,,,,10.23,,lost
982,1768440515.7389555,,,,,,,10.10,,lost
983,1768440515.9150498,,,,,,,10.02,,lost
984,1768440516.0729222,,,,,,,9.92,,lost
985,1768440516.2366614,,,,,,,9.94,,lost
986,1768440516.4126043,,,,,,,9.93,,lost
987,1768440516.5800312,,,,,,,10.01,,lost
988,1768440516.7398205,,,,,,,9.99,,lost
989,1768440516.9113333,,,,,,,9.94,,lost
990,1768440517.0942423,,,,,,,9.86,,lost
991,1768440517.2669907,,,,,,,9.76,,lost
992,1768440517.4482296,,,,,,,9.73,,lost
993,1768440517.6377459,,,,,,,9.70,,lost
994,1768440517.8207443,,,,,,,9.63,,lost
995,1768440517.9765635,,,,,,,9.61,,lost
997,1768440518.2820034,,,,,,,9.53,,lost
998,1768440518.475241,,,,,,,9.40,,lost
999,1768440518.6643867,,,,,,,9.31,,lost
1000,1768440518.8644917,,,,,,,9.17,,lost
1001,1768440519.0404782,,,,,,,9.06,,lost
1002,1768440519.218272,,,,,,,8.99,,lost
1003,1768440519.4119537,,,,,,,8.89,,lost
1004,1768440519.5847154,,,,,,,8.85,,lost
1005,1768440519.7630208,,,,,,,8.78,,lost
1006,1768440519.9268167,,,,,,,8.74,,lost
1007,1768440520.0878756,,,,,,,8.71,,lost
1008,1768440520.2433488,,,,,,,8.72,,lost
1009,1768440520.4014084,,,,,,,8.72,,lost
1010,1768440520.5412955,,,,,,,8.82,,lost
1011,1768440520.7013922,,,,,,,8.81,,lost
1012,1768440520.90326,,,,,,,8.77,,lost
1013,1768440521.093293,,,,,,,8.75,,lost
1014,1768440521.2676249,,,,,,,8.75,,lost
1015,1768440521.4700527,,,,,,,8.65,,lost
1016,1768440521.6280723,,,,,,,8.68,,lost
1018,1768440521.9191782,,,,,,,8.70,,lost
1019,1768440522.1216502,,,,,,,8.58,,lost
1020,1768440522.295914,,,,,,,8.63,,lost
1021,1768440522.4322462,,,,,,,8.70,,lost
1022,1768440522.5863097,,,,,,,8.78,,lost
1023,1768440522.7342088,,,,,,,8.87,,lost
1024,1768440522.900865,,,,,,,8.92,,lost
1025,1768440523.0462618,,,,,,,8.94,,lost
1026,1768440523.230572,,,,,,,8.89,,lost
1027,1768440523.409278,,,,,,,8.89,,lost
1028,1768440523.5615985,,,,,,,8.98,,lost
1030,1768440523.8890674,,,,,,,9.09,,lost
1032,1768440524.2071786,,,,,,,9.17,,lost
1033,1768440524.3601196,,,,,,,9.25,,lost
1051,1768440527.2944984,,,,,,,9.49,,lost
1055,1768440527.9204895,,,,,,,9.49,,lost
1056,1768440528.107539,,,,,,,9.44,,lost
1057,1768440528.2627382,,,,,,,9.47,,lost
1058,1768440528.4740088,,,,,,,9.33,,lost
1061,1768440529.010126,,,,,,,9.21,,lost
1062,1768440529.1938066,,,,,,,9.21,,lost
1064,1768440529.5565152,,,,,,,9.11,,lost
1065,1768440529.7527606,,,,,,,9.05,,lost
1066,1768440529.9510372,,,,,,,8.93,,lost
1067,1768440530.156281,,,,,,,8.78,,lost
1068,1768440530.3195243,,,,,,,8.83,,lost
1069,1768440530.5052755,,,,,,,8.76,,lost
1070,1768440530.663361,,,,,,,8.82,,lost
1071,1768440530.8157508,,,,,,,8.87,,lost
1072,1768440530.9860532,,,,,,,8.92,,lost
1073,1768440531.1335952,,,,,,,8.94,,lost
1074,1768440531.326757,,,,,,,8.83,,lost
1075,1768440531.5350966,,,,,,,8.76,,lost
1076,1768440531.6823568,,,,,,,8.77,,lost
1077,1768440531.8788671,,,,,,,8.66,,lost
1078,1768440532.0734818,,,,,,,8.69,,lost
1079,1768440532.2568483,,,,,,,8.67,,lost
1080,1768440532.444259,,,,,,,8.62,,lost
1081,1768440532.6302094,,,,,,,8.58,,lost
1082,1768440532.797692,,,,,,,8.53,,lost
1083,1768440532.9465406,,,,,,,8.56,,lost
1084,1768440533.0898628,,,,,,,8.55,,lost
1085,1768440533.236633,,,,,,,8.57,,lost
1086,1768440533.426119,,,,,,,8.61,,lost
1087,1768440533.6144547,,,,,,,8.53,,lost
1088,1768440533.7566667,,,,,,,8.65,,lost
1091,1768440534.188116,,,,,,,8.85,,lost
1092,1768440534.3214538,,,,,,,8.90,,lost
1093,1768440534.4636493,,,,,,,8.96,,lost
1094,1768440534.672608,,,,,,,8.90,,lost
1095,1768440534.8616924,,,,,,,8.89,,lost
1096,1768440535.0718787,,,,,,,8.86,,lost
1097,1768440535.2705128,,,,,,,8.90,,lost
1098,1768440535.4456189,,,,,,,8.83,,lost
1099,1768440535.637117,,,,,,,8.83,,lost
1100,1768440535.7959058,,,,,,,8.84,,lost
1101,1768440535.934176,,,,,,,8.85,,lost
1102,1768440536.0799344,,,,,,,8.87,,lost
1103,1768440536.2272885,,,,,,,8.88,,lost
1104,1768440536.3748832,,,,,,,8.98,,lost
1105,1768440536.5286222,,,,,,,9.07,,lost
1106,1768440536.6937165,,,,,,,9.02,,lost
1107,1768440536.8386843,,,,,,,9.17,,lost
1109,1768440537.1452706,,,,,,,9.29,,lost
1110,1768440537.3125432,,,,,,,9.32,,lost
1111,1768440537.4585266,,,,,,,9.38,,lost
1112,1768440537.6127467,,,,,,,9.41,,lost
1115,1768440538.1065567,,,,,,,9.33,,lost
1116,1768440538.2445798,,,,,,,9.42,,lost
1117,1768440538.4535434,,,,,,,9.49,,lost
1118,1768440538.616313,,,,,,,9.44,,lost
1119,1768440538.7476132,,,,,,,9.44,,lost
1121,1768440539.059098,,,,,,,9.36,,lost
1122,1768440539.2104204,,,,,,,9.33,,lost
1123,1768440539.394427,,,,,,,9.20,,lost
1124,1768440539.5798156,,,,,,,9.28,,lost
1125,1768440539.7239404,,,,,,,9.37,,lost
1126,1768440539.884087,,,,,,,9.49,,lost
1128,1768440540.2380676,,,,,,,9.57,,lost
1141,1768440542.3654795,,,,,,,9.25,,lost
1142,1768440542.5486681,,,,,,,9.21,,lost
1143,1768440542.7228734,,,,,,,9.19,,lost
1156,1768440544.8678832,,,,,,,9.07,,lost
1157,1768440545.0340593,,,,,,,9.08,,lost
1159,1768440545.3599803,,,,,,,9.20,,lost
1160,1768440545.553965,,,,,,,9.20,,lost
1183,1768440549.5687149,,,,,,,8.82,,lost
1196,1768440551.8088138,,,,,,,8.72,,lost
1197,1768440551.9820678,,,,,,,8.70,,lost
1198,1768440552.178551,,,,,,,8.63,,lost
1199,1768440552.3636703,,,,,,,8.61,,lost
1200,1768440552.5410688,,,,,,,8.58,,lost
1212,1768440554.6917455,,,,,,,8.54,,lost
1214,1768440554.9750717,,,,,,,8.60,,lost
1215,1768440555.106584,,,,,,,8.61,,lost
1246,1768440560.470145,,,,,,,8.68,,lost
1251,1768440561.3675299,,,,,,,8.62,,lost
1259,1768440562.6568384,,,,,,,8.83,,lost
1260,1768440562.7876241,,,,,,,8.84,,lost
1261,1768440562.992312,,,,,,,8.78,,lost
1262,1768440563.2187347,,,,,,,8.74,,lost
1263,1768440563.3958042,,,,,,,8.71,,lost
1264,1768440563.5638108,,,,,,,8.67,,lost
1265,1768440563.737231,,,,,,,8.65,,lost
1266,1768440563.945901,,,,,,,8.56,,lost
1267,1768440564.1332738,,,,,,,8.60,,lost
1269,1768440564.4775538,,,,,,,8.68,,lost
1270,1768440564.6542828,,,,,,,8.70,,lost
1276,1768440565.7240071,,,,,,,8.67,,lost
1277,1768440565.919797,,,,,,,8.71,,lost
1278,1768440566.0931194,,,,,,,8.71,,lost
1279,1768440566.269687,,,,,,,8.73,,lost
1280,1768440566.4619265,,,,,,,8.70,,lost
1281,1768440566.6466594,,,,,,,8.69,,lost
1282,1768440566.8170514,,,,,,,8.72,,lost
1283,1768440567.0026102,,,,,,,8.71,,lost
1284,1768440567.2061224,,,,,,,8.69,,lost
1285,1768440567.3702438,,,,,,,8.71,,lost
1286,1768440567.5766745,,,,,,,8.59,,lost
1287,1768440567.7701175,,,,,,,8.54,,lost
1288,1768440567.9190314,,,,,,,8.55,,lost
1289,1768440568.103442,,,,,,,8.51,,lost
1290,1768440568.2620711,,,,,,,8.47,,lost
1291,1768440568.4193506,,,,,,,8.58,,lost
1292,1768440568.5730855,,,,,,,8.66,,lost
1293,1768440568.718008,,,,,,,8.69,,lost
1294,1768440568.860185,,,,,,,8.72,,lost
1295,1768440569.006711,,,,,,,8.78,,lost
1296,1768440569.1506488,,,,,,,8.91,,lost
1297,1768440569.3054976,,,,,,,8.97,,lost
1298,1768440569.4906352,,,,,,,8.99,,lost
1300,1768440569.8344264,,,,,,,8.90,,lost
1301,1768440569.9757645,,,,,,,8.99,,lost
1302,1768440570.1082652,,,,,,,9.08,,lost
1303,1768440570.2627287,,,,,,,9.09,,lost
1304,1768440570.436108,,,,,,,9.12,,lost
1305,1768440570.5982764,,,,,,,9.14,,lost
1306,1768440570.7776828,,,,,,,9.11,,lost
1307,1768440570.916263,,,,,,,9.22,,lost
1308,1768440571.055264,,,,,,,9.29,,lost
1309,1768440571.231568,,,,,,,9.27,,lost
1310,1768440571.4036512,,,,,,,9.30,,lost
1311,1768440571.5658448,,,,,,,9.32,,lost
1312,1768440571.7718558,,,,,,,9.30,,lost
1313,1768440571.9531956,,,,,,,9.30,,lost
1314,1768440572.1223938,,,,,,,9.33,,lost
1315,1768440572.2931774,,,,,,,9.29,,lost
1316,1768440572.4549835,,,,,,,9.44,,lost
1317,1768440572.5992794,,,,,,,9.49,,lost
1318,1768440572.7465663,,,,,,,9.47,,lost
1319,1768440572.892067,,,,,,,9.57,,lost
1320,1768440573.0486817,,,,,,,9.54,,lost
1321,1768440573.2170286,,,,,,,9.49,,lost
1322,1768440573.3799314,,,,,,,9.48,,lost
1323,1768440573.5754974,,,,,,,9.37,,lost
1324,1768440573.7289252,,,,,,,9.36,,lost
1325,1768440573.9367342,,,,,,,9.24,,lost
1328,1768440574.508252,,,,,,,9.04,,lost
1329,1768440574.681838,,,,,,,9.06,,lost
1332,1768440575.1486242,,,,,,,9.02,,lost
1333,1768440575.3295066,,,,,,,8.99,,lost
1334,1768440575.516059,,,,,,,8.94,,lost
1335,1768440575.6959803,,,,,,,8.92,,lost
1340,1768440576.4587812,,,,,,,9.04,,lost
1341,1768440576.6604948,,,,,,,8.96,,lost
1342,1768440576.8113196,,,,,,,9.01,,lost
1343,1768440576.9670324,,,,,,,9.02,,lost
1344,1768440577.1302874,,,,,,,9.04,,lost
1345,1768440577.2880232,,,,,,,9.07,,lost
1353,1768440578.7312922,,,,,,,8.74,,lost
1354,1768440578.9040463,,,,,,,8.71,,lost
1359,1768440579.7643635,,,,,,,8.89,,lost
1360,1768440579.935812,,,,,,,8.92,,lost
1361,1768440580.1160114,,,,,,,8.87,,lost
1379,1768440583.0196714,,,,,,,9.06,,lost
1387,1768440584.384475,,,,,,,9.05,,lost
1389,1768440584.6807692,,,,,,,9.17,,lost
1395,1768440585.7179844,,,,,,,9.06,,lost
1396,1768440585.859566,,,,,,,9.06,,lost
1404,1768440587.136975,,,,,,,9.21,,lost
1405,1768440587.2844048,,,,,,,9.21,,lost
1444,1768440593.6715186,,,,,,,9.24,,lost
1450,1768440594.8184626,,,,,,,9.17,,lost
1452,1768440595.1670585,,,,,,,9.23,,lost
1453,1768440595.3339086,,,,,,,9.29,,lost
1454,1768440595.5160718,,,,,,,9.33,,lost
1455,1768440595.6810389,,,,,,,9.32,,lost
1458,1768440596.2176614,,,,,,,9.06,,lost
1460,1768440596.5304434,,,,,,,8.96,,lost
1462,1768440596.8777637,,,,,,,8.87,,lost
1473,1768440598.9290683,,,,,,,8.38,,lost
1496,1768440602.722209,,,,,,,8.97,,lost
1498,1768440603.0279782,,,,,,,9.07,,lost
1499,1768440603.2502146,,,,,,,9.10,,lost
1500,1768440603.4020424,,,,,,,9.25,,lost
1501,1768440603.5771298,,,,,,,9.28,,lost
1502,1768440603.7605262,,,,,,,9.30,,lost
1503,1768440603.9200962,,,,,,,9.30,,lost
1504,1768440604.095746,,,,,,,9.31,,lost
1505,1768440604.2871222,,,,,,,9.29,,lost
1506,1768440604.4568324,,,,,,,9.29,,lost
1507,1768440604.6205873,,,,,,,9.29,,lost
1508,1768440604.7777421,,,,,,,9.34,,lost
1509,1768440604.9651618,,,,,,,9.27,,lost
1511,1768440605.3248198,,,,,,,9.31,,lost
1512,1768440605.5329175,,,,,,,9.26,,lost
1513,1768440605.7038054,,,,,,,9.25,,lost
1518,1768440606.6815042,,,,,,,8.87,,lost
1519,1768440606.8489697,,,,,,,8.86,,lost
1520,1768440607.0363262,,,,,,,8.85,,lost
1521,1768440607.1721346,,,,,,,8.90,,lost
1522,1768440607.3040779,,,,,,,8.91,,lost
1523,1768440607.488106,,,,,,,8.84,,lost
1524,1768440607.6344693,,,,,,,8.81,,lost
1525,1768440607.7917302,,,,,,,8.85,,lost
1526,1768440607.940871,,,,,,,8.85,,lost
1527,1768440608.1311014,,,,,,,8.74,,lost
1528,1768440608.319041,,,,,,,8.70,,lost
1529,1768440608.4920888,,,,,,,8.67,,lost
1530,1768440608.6785197,,,,,,,8.58,,lost
1531,1768440608.847573,,,,,,,8.56,,lost
1532,1768440609.0180287,,,,,,,8.60,,lost
1533,1768440609.1945848,,,,,,,8.58,,lost
1534,1768440609.3390503,,,,,,,8.64,,lost
1535,1768440609.5210693,,,,,,,8.64,,lost
1536,1768440609.6747303,,,,,,,8.64,,lost
1537,1768440609.8952377,,,,,,,8.55,,lost
1538,1768440610.0683756,,,,,,,8.54,,lost
1539,1768440610.2622137,,,,,,,8.60,,lost
1540,1768440610.512845,,,,,,,8.50,,lost
1541,1768440610.7360024,,,,,,,8.42,,lost
1542,1768440610.917734,,,,,,,8.46,,lost
1543,1768440611.1053076,,,,,,,8.40,,lost
1544,1768440611.2909176,,,,,,,8.37,,lost
1545,1768440611.454162,,,,,,,8.40,,lost
1546,1768440611.6226985,,,,,,,8.41,,lost
1547,1768440611.8102,,,,,,,8.52,,lost
1548,1768440611.9871922,,,,,,,8.59,,lost
1549,1768440612.1512222,,,,,,,8.62,,lost
1550,1768440612.3556743,,,,,,,8.58,,lost
1551,1768440612.5458117,,,,,,,8.49,,lost
1553,1768440612.9071121,,,,,,,8.42,,lost
1554,1768440613.0988052,,,,,,,8.39,,lost
1559,1768440613.973768,,,,,,,8.45,,lost
1570,1768440615.7955344,,,,,,,8.76,,lost
1571,1768440615.977055,,,,,,,8.81,,lost
1572,1768440616.1516836,,,,,,,8.82,,lost
1573,1768440616.3547375,,,,,,,8.83,,lost
1578,1768440617.3345618,,,,,,,8.62,,lost
1579,1768440617.5256658,,,,,,,8.52,,lost
1580,1768440617.7248597,,,,,,,8.54,,lost
1581,1768440617.936035,,,,,,,8.49,,lost
1586,1768440618.8001533,,,,,,,8.49,,lost
1587,1768440618.9689362,,,,,,,8.56,,lost
1588,1768440619.1216903,,,,,,,8.56,,lost
1589,1768440619.3072798,,,,,,,8.57,,lost
1594,1768440620.0763526,,,,,,,8.63,,lost
1595,1768440620.2422502,,,,,,,8.60,,lost
1596,1768440620.4225762,,,,,,,8.56,,lost
1597,1768440620.565092,,,,,,,8.58,,lost
1598,1768440620.7005448,,,,,,,8.66,,lost
1599,1768440620.8376386,,,,,,,8.71,,lost
1600,1768440620.9792593,,,,,,,8.79,,lost
1601,1768440621.125566,,,,,,,8.83,,lost
1602,1768440621.27697,,,,,,,8.90,,lost
1603,1768440621.4025154,,,,,,,9.02,,lost
1604,1768440621.5660021,,,,,,,9.13,,lost
1605,1768440621.7192497,,,,,,,9.22,,lost
1606,1768440621.8899984,,,,,,,9.23,,lost
1607,1768440622.0922396,,,,,,,9.15,,lost
1608,1768440622.2460468,,,,,,,9.27,,lost
1609,1768440622.395103,,,,,,,9.39,,lost
1610,1768440622.5340564,,,,,,,9.52,,lost
1611,1768440622.6936061,,,,,,,9.66,,lost
1612,1768440622.864491,,,,,,,9.70,,lost
1613,1768440623.0429583,,,,,,,9.65,,lost
1614,1768440623.2509787,,,,,,,9.57,,lost
1615,1768440623.4202845,,,,,,,9.52,,lost
1616,1768440623.636144,,,,,,,9.40,,lost
1617,1768440623.7758706,,,,,,,9.46,,lost
1618,1768440623.9090893,,,,,,,9.50,,lost
1619,1768440624.107015,,,,,,,9.43,,lost
1620,1768440624.2907908,,,,,,,9.33,,lost
1621,1768440624.4839892,,,,,,,9.21,,lost
1622,1768440624.63802,,,,,,,9.19,,lost
1623,1768440624.8024397,,,,,,,9.22,,lost
1624,1768440624.9744651,,,,,,,9.17,,lost
1625,1768440625.186322,,,,,,,9.02,,lost
1626,1768440625.3616323,,,,,,,9.03,,lost
1627,1768440625.522082,,,,,,,9.01,,lost
1628,1768440625.7207294,,,,,,,8.91,,lost
1629,1768440625.9103625,,,,,,,8.83,,lost
1630,1768440626.0840633,,,,,,,8.73,,lost
1631,1768440626.2610972,,,,,,,8.68,,lost
1632,1768440626.4124165,,,,,,,8.68,,lost
1633,1768440626.6082919,,,,,,,8.59,,lost
1634,1768440626.7830744,,,,,,,8.59,,lost
1635,1768440626.958109,,,,,,,8.57,,lost
1636,1768440627.1724792,,,,,,,8.49,,lost
1637,1768440627.3612761,,,,,,,8.54,,lost
1638,1768440627.5821664,,,,,,,8.37,,lost
1639,1768440627.7677407,,,,,,,8.34,,lost
1640,1768440627.9170952,,,,,,,8.32,,lost
1641,1768440628.0750709,,,,,,,8.33,,lost
1642,1768440628.2412858,,,,,,,8.33,,lost
1643,1768440628.3943222,,,,,,,8.40,,lost
1644,1768440628.5985494,,,,,,,8.44,,lost
1645,1768440628.7747996,,,,,,,8.45,,lost
1646,1768440628.956122,,,,,,,8.51,,lost
1647,1768440629.1608763,,,,,,,8.41,,lost
1648,1768440629.3320694,,,,,,,8.36,,lost
1649,1768440629.5197768,,,,,,,8.42,,lost
1650,1768440629.685104,,,,,,,8.47,,lost
1651,1768440629.8388503,,,,,,,8.57,,lost
1652,1768440629.9973938,,,,,,,8.58,,lost
1653,1768440630.1859004,,,,,,,8.53,,lost
1654,1768440630.3570516,,,,,,,8.55,,lost
1655,1768440630.5221014,,,,,,,8.70,,lost
1656,1768440630.7411506,,,,,,,8.59,,lost
1657,1768440630.925839,,,,,,,8.56,,lost
1658,1768440631.0866315,,,,,,,8.61,,lost
1659,1768440631.2516422,,,,,,,8.66,,lost
1660,1768440631.4311483,,,,,,,8.65,,lost
1661,1768440631.6124566,,,,,,,8.67,,lost
1662,1768440631.8400245,,,,,,,8.50,,lost
1663,1768440632.038051,,,,,,,8.49,,lost
1664,1768440632.2224674,,,,,,,8.48,,lost
1665,1768440632.4012165,,,,,,,8.46,,lost
1666,1768440632.564826,,,,,,,8.56,,lost
1667,1768440632.7782903,,,,,,,8.49,,lost
1668,1768440632.9654207,,,,,,,8.60,,lost
1669,1768440633.1228776,,,,,,,8.65,,lost
1670,1768440633.3073757,,,,,,,8.55,,lost
1671,1768440633.457115,,,,,,,8.55,,lost
1672,1768440633.6140926,,,,,,,8.56,,lost
1673,1768440633.7541785,,,,,,,8.56,,lost
1674,1768440633.9290872,,,,,,,8.60,,lost
1675,1768440634.0973206,,,,,,,8.61,,lost
1676,1768440634.2862902,,,,,,,8.55,,lost
1677,1768440634.4931889,,,,,,,8.55,,lost
1678,1768440634.6895409,,,,,,,8.51,,lost
1679,1768440634.8457406,,,,,,,8.55,,lost
1680,1768440635.0072267,,,,,,,8.59,,lost
1681,1768440635.171089,,,,,,,8.57,,lost
1682,1768440635.3371584,,,,,,,8.55,,lost
1683,1768440635.503975,,,,,,,8.58,,lost
1684,1768440635.6786728,,,,,,,8.60,,lost
1685,1768440635.847246,,,,,,,8.56,,lost
1686,1768440636.0282402,,,,,,,8.68,,lost
1687,1768440636.2150636,,,,,,,8.69,,lost
1688,1768440636.38428,,,,,,,8.69,,lost
1689,1768440636.5631583,,,,,,,8.66,,lost
1690,1768440636.7333994,,,,,,,8.71,,lost
1691,1768440636.9593902,,,,,,,8.67,,lost
1692,1768440637.1253142,,,,,,,8.79,,lost
1693,1768440637.3081748,,,,,,,8.83,,lost
1694,1768440637.5022972,,,,,,,8.88,,lost
1695,1768440637.6834164,,,,,,,8.87,,lost
1696,1768440637.832059,,,,,,,8.89,,lost
1697,1768440638.0162897,,,,,,,8.92,,lost
1698,1768440638.2131836,,,,,,,8.89,,lost
1699,1768440638.3834677,,,,,,,8.84,,lost
1700,1768440638.5213976,,,,,,,8.96,,lost
1701,1768440638.6667278,,,,,,,8.97,,lost
1703,1768440638.9718413,,,,,,,9.00,,lost
1704,1768440639.105797,,,,,,,9.07,,lost
1705,1768440639.3237693,,,,,,,8.98,,lost
1706,1768440639.5040889,,,,,,,9.05,,lost
1707,1768440639.677146,,,,,,,9.11,,lost
1708,1768440639.8763776,,,,,,,9.10,,lost
1710,1768440640.2366211,,,,,,,8.97,,lost
1711,1768440640.4181306,,,,,,,8.94,,lost
1712,1768440640.6115623,,,,,,,8.89,,lost
1713,1768440640.7949538,,,,,,,8.90,,lost
1714,1768440640.9716647,,,,,,,8.88,,lost
1715,1768440641.1355886,,,,,,,8.94,,lost
1716,1768440641.3280766,,,,,,,8.86,,lost
1717,1768440641.524828,,,,,,,8.85,,lost
1718,1768440641.7244074,,,,,,,8.78,,lost
1719,1768440641.90094,,,,,,,8.80,,lost
1720,1768440642.122072,,,,,,,8.71,,lost
1721,1768440642.3015134,,,,,,,8.73,,lost
1722,1768440642.506211,,,,,,,8.69,,lost
1723,1768440642.7036018,,,,,,,8.66,,lost
1724,1768440642.8839204,,,,,,,8.63,,lost
1725,1768440643.063598,,,,,,,8.64,,lost
1726,1768440643.2251446,,,,,,,8.62,,lost
1727,1768440643.3831148,,,,,,,8.69,,lost
1728,1768440643.538573,,,,,,,8.74,,lost
1729,1768440643.7721047,,,,,,,8.65,,lost
1730,1768440643.9938807,,,,,,,8.54,,lost
1731,1768440644.1663527,,,,,,,8.51,,lost
1732,1768440644.4027064,,,,,,,8.39,,lost
1733,1768440644.5743785,,,,,,,8.35,,lost
1734,1768440644.737922,,,,,,,8.29,,lost
1735,1768440644.9239333,,,,,,,8.35,,lost
1736,1768440645.102217,,,,,,,8.34,,lost
1737,1768440645.2690856,,,,,,,8.35,,lost
1738,1768440645.4433856,,,,,,,8.38,,lost
1739,1768440645.6258805,,,,,,,8.39,,lost
1740,1768440645.817563,,,,,,,8.35,,lost
1741,1768440646.0096612,,,,,,,8.37,,lost
1742,1768440646.2111862,,,,,,,8.33,,lost
1743,1768440646.3667843,,,,,,,8.33,,lost
1744,1768440646.5213823,,,,,,,8.35,,lost
1745,1768440646.671999,,,,,,,8.33,,lost
1746,1768440646.8248696,,,,,,,8.42,,lost
1747,1768440647.0045333,,,,,,,8.42,,lost
1748,1768440647.1754303,,,,,,,8.46,,lost
1749,1768440647.3294883,,,,,,,8.48,,lost
1750,1768440647.5035746,,,,,,,8.56,,lost
1751,1768440647.7085795,,,,,,,8.58,,lost
1752,1768440647.8847022,,,,,,,8.60,,lost
1754,1768440648.2459767,,,,,,,8.63,,lost
1756,1768440648.6077242,,,,,,,8.57,,lost
1757,1768440648.8026175,,,,,,,8.49,,lost
1758,1768440649.0158474,,,,,,,8.37,,lost
1759,1768440649.1983705,,,,,,,8.45,,lost
1760,1768440649.3467095,,,,,,,8.56,,lost
1761,1768440649.4957166,,,,,,,8.59,,lost
1762,1768440649.705945,,,,,,,8.55,,lost
1763,1768440649.9000432,,,,,,,8.59,,lost
1764,1768440650.082552,,,,,,,8.54,,lost
1765,1768440650.2596498,,,,,,,8.55,,lost
1766,1768440650.4319587,,,,,,,8.58,,lost
1767,1768440650.62923,,,,,,,8.51,,lost
1768,1768440650.8032415,,,,,,,8.51,,lost
1769,1768440650.9637036,,,,,,,8.54,,lost
1770,1768440651.1709876,,,,,,,8.51,,lost
1771,1768440651.3758047,,,,,,,8.44,,lost
1772,1768440651.5450606,,,,,,,8.51,,lost
1773,1768440651.7359614,,,,,,,8.45,,lost
1774,1768440651.918108,,,,,,,8.39,,lost
1775,1768440652.1096816,,,,,,,8.37,,lost
1776,1768440652.342724,,,,,,,8.20,,lost
1777,1768440652.522009,,,,,,,8.21,,lost
1778,1768440652.6841989,,,,,,,8.23,,lost
1779,1768440652.8422008,,,,,,,8.21,,lost
1780,1768440653.02358,,,,,,,8.20,,lost
1781,1768440653.2281995,,,,,,,8.16,,lost
1782,1768440653.3870199,,,,,,,8.18,,lost
1783,1768440653.5704706,,,,,,,8.15,,lost
1784,1768440653.794935,,,,,,,8.11,,lost
1785,1768440653.9426694,,,,,,,8.16,,lost
1786,1768440654.1137664,,,,,,,8.19,,lost
1787,1768440654.3010674,,,,,,,8.26,,lost
1788,1768440654.4473996,,,,,,,8.42,,lost
1789,1768440654.6193836,,,,,,,8.39,,lost
1790,1768440654.7590392,,,,,,,8.39,,lost
1791,1768440654.9309654,,,,,,,8.37,,lost
1792,1768440655.0827863,,,,,,,8.48,,lost
1793,1768440655.2401,,,,,,,8.45,,lost
1794,1768440655.3834615,,,,,,,8.54,,lost
1795,1768440655.5467565,,,,,,,8.54,,lost
1796,1768440655.713497,,,,,,,8.51,,lost
1797,1768440655.9152462,,,,,,,8.50,,lost
1798,1768440656.089019,,,,,,,8.50,,lost
1799,1768440656.2590094,,,,,,,8.49,,lost
1801,1768440656.6262856,,,,,,,8.62,,lost
1802,1768440656.828681,,,,,,,8.58,,lost
1803,1768440657.0235612,,,,,,,8.60,,lost
1804,1768440657.2187562,,,,,,,8.59,,lost
1805,1768440657.39726,,,,,,,8.58,,lost
1806,1768440657.581636,,,,,,,8.76,,lost
1807,1768440657.7499447,,,,,,,8.78,,lost
1808,1768440657.9261906,,,,,,,8.73,,lost
1809,1768440658.1570964,,,,,,,8.67,,lost
1810,1768440658.3433871,,,,,,,8.64,,lost
1811,1768440658.5123746,,,,,,,8.69,,lost
1812,1768440658.7028499,,,,,,,8.64,,lost
1813,1768440658.9187562,,,,,,,8.59,,lost
1814,1768440659.0887187,,,,,,,8.65,,lost
1815,1768440659.2829826,,,,,,,8.59,,lost
1817,1768440659.6196015,,,,,,,8.57,,lost
1819,1768440659.9811683,,,,,,,8.52,,lost
1820,1768440660.1356635,,,,,,,8.50,,lost
1821,1768440660.335907,,,,,,,8.45,,lost
1822,1768440660.5430105,,,,,,,8.41,,lost
1825,1768440661.123266,,,,,,,8.30,,lost
1826,1768440661.3072648,,,,,,,8.29,,lost
1827,1768440661.522714,,,,,,,8.31,,lost
1828,1768440661.7667918,,,,,,,8.17,,lost
1829,1768440661.949092,,,,,,,8.18,,lost
1830,1768440662.1245966,,,,,,,8.18,,lost
1831,1768440662.32187,,,,,,,8.15,,lost
1832,1768440662.5090022,,,,,,,8.19,,lost
1833,1768440662.7108471,,,,,,,8.17,,lost
1834,1768440662.9014792,,,,,,,8.21,,lost
1835,1768440663.1023595,,,,,,,8.13,,lost
1836,1768440663.3296256,,,,,,,8.02,,lost
1837,1768440663.4820642,,,,,,,8.08,,lost
1838,1768440663.655146,,,,,,,8.11,,lost
1839,1768440663.847804,,,,,,,8.12,,lost
1840,1768440664.086094,,,,,,,8.05,,lost
1841,1768440664.2613673,,,,,,,8.06,,lost
1842,1768440664.4552996,,,,,,,8.06,,lost
1843,1768440664.6436267,,,,,,,8.13,,lost
1844,1768440664.82773,,,,,,,8.09,,lost
1845,1768440664.9976184,,,,,,,8.15,,lost
1846,1768440665.1911492,,,,,,,8.11,,lost
1847,1768440665.3761647,,,,,,,8.11,,lost
1848,1768440665.5410872,,,,,,,8.11,,lost
1849,1768440665.7130606,,,,,,,8.17,,lost
1850,1768440665.8967347,,,,,,,8.11,,lost
1851,1768440666.1139767,,,,,,,8.06,,lost
1852,1768440666.3086793,,,,,,,8.03,,lost
1853,1768440666.5150795,,,,,,,8.08,,lost
1854,1768440666.6639233,,,,,,,8.14,,lost
1855,1768440666.8159456,,,,,,,8.19,,lost
1856,1768440666.9570591,,,,,,,8.26,,lost
1857,1768440667.1222467,,,,,,,8.29,,lost
1858,1768440667.3209462,,,,,,,8.37,,lost
1859,1768440667.503347,,,,,,,8.34,,lost
1860,1768440667.6533422,,,,,,,8.43,,lost
1861,1768440667.8138332,,,,,,,8.47,,lost
1862,1768440668.005463,,,,,,,8.44,,lost
1863,1768440668.1813736,,,,,,,8.47,,lost
1864,1768440668.3650622,,,,,,,8.46,,lost
1865,1768440668.5440679,,,,,,,8.53,,lost
1866,1768440668.7246773,,,,,,,8.62,,lost
1867,1768440668.9183848,,,,,,,8.52,,lost
1868,1768440669.1180391,,,,,,,8.47,,lost
1869,1768440669.272224,,,,,,,8.53,,lost
1870,1768440669.446215,,,,,,,8.66,,lost
1871,1768440669.5989997,,,,,,,8.70,,lost
1872,1768440669.767137,,,,,,,8.74,,lost
1873,1768440669.9680345,,,,,,,8.73,,lost
1874,1768440670.1448035,,,,,,,8.77,,lost
1875,1768440670.3103344,,,,,,,8.76,,lost
1876,1768440670.5537777,,,,,,,8.67,,lost
1877,1768440670.7227283,,,,,,,8.68,,lost
1878,1768440670.8900888,,,,,,,8.67,,lost
1879,1768440671.0757394,,,,,,,8.62,,lost
1880,1768440671.2613587,,,,,,,8.67,,lost
1881,1768440671.4304156,,,,,,,8.75,,lost
1882,1768440671.579686,,,,,,,8.85,,lost
1883,1768440671.7482562,,,,,,,8.87,,lost
1884,1768440671.9623914,,,,,,,8.73,,lost
1885,1768440672.1748142,,,,,,,8.65,,lost
1886,1768440672.3590884,,,,,,,8.55,,lost
1887,1768440672.5662036,,,,,,,8.50,,lost
1888,1768440672.7367358,,,,,,,8.56,,lost
1889,1768440672.8950188,,,,,,,8.60,,lost
1890,1768440673.0697749,,,,,,,8.55,,lost
1891,1768440673.2368279,,,,,,,8.54,,lost
1892,1768440673.4190218,,,,,,,8.57,,lost
1893,1768440673.5965238,,,,,,,8.58,,lost
1894,1768440673.7777324,,,,,,,8.59,,lost
1895,1768440673.9576364,,,,,,,8.56,,lost
1896,1768440674.1445675,,,,,,,8.54,,lost
1897,1768440674.3368077,,,,,,,8.52,,lost
1898,1768440674.5360854,,,,,,,8.50,,lost
1899,1768440674.7363746,,,,,,,8.44,,lost
1900,1768440674.9348066,,,,,,,8.43,,lost
1901,1768440675.0950599,,,,,,,8.41,,lost
1902,1768440675.2529485,,,,,,,8.44,,lost
1903,1768440675.4387512,,,,,,,8.46,,lost
1904,1768440675.6188555,,,,,,,8.47,,lost
1905,1768440675.8176725,,,,,,,8.41,,lost
1906,1768440676.0302527,,,,,,,8.47,,lost
1907,1768440676.226912,,,,,,,8.40,,lost
1908,1768440676.4305756,,,,,,,8.34,,lost
1909,1768440676.6323545,,,,,,,8.34,,lost
1910,1768440676.828243,,,,,,,8.29,,lost
1911,1768440677.0260026,,,,,,,8.27,,lost
1912,1768440677.2240765,,,,,,,8.20,,lost
1913,1768440677.4120612,,,,,,,8.20,,lost
1914,1768440677.5962715,,,,,,,8.27,,lost
1915,1768440677.7991369,,,,,,,8.24,,lost
1916,1768440677.9721751,,,,,,,8.27,,lost
1917,1768440678.18402,,,,,,,8.27,,lost
1918,1768440678.3749542,,,,,,,8.25,,lost
1920,1768440678.7053654,,,,,,,8.23,,lost
1922,1768440679.066699,,,,,,,8.20,,lost
1923,1768440679.226577,,,,,,,8.24,,lost
1924,1768440679.4303346,,,,,,,8.17,,lost
1925,1768440679.5861409,,,,,,,8.23,,lost
1926,1768440679.7560692,,,,,,,8.29,,lost
1927,1768440679.9044907,,,,,,,8.38,,lost
1928,1768440680.0480506,,,,,,,8.47,,lost
1929,1768440680.1849318,,,,,,,8.56,,lost
1930,1768440680.331179,,,,,,,8.60,,lost
1931,1768440680.4841995,,,,,,,8.59,,lost
1932,1768440680.6523216,,,,,,,8.55,,lost
1933,1768440680.818874,,,,,,,8.53,,lost
1934,1768440680.9844894,,,,,,,8.52,,lost
1935,1768440681.1460133,,,,,,,8.60,,lost
1936,1768440681.3107011,,,,,,,8.66,,lost
1937,1768440681.4792292,,,,,,,8.73,,lost
1938,1768440681.6670687,,,,,,,8.75,,lost
1939,1768440681.8480802,,,,,,,8.79,,lost
1940,1768440682.0148408,,,,,,,8.84,,lost
1941,1768440682.2120683,,,,,,,8.85,,lost
1942,1768440682.3995,,,,,,,8.86,,lost
1943,1768440682.6251729,,,,,,,8.79,,lost
1944,1768440682.8239796,,,,,,,8.78,,lost
1945,1768440683.0213785,,,,,,,8.79,,lost
1946,1768440683.2139952,,,,,,,8.82,,lost
1947,1768440683.4037147,,,,,,,8.85,,lost
1948,1768440683.6038494,,,,,,,8.81,,lost
1949,1768440683.7806406,,,,,,,8.84,,lost
1950,1768440683.9684515,,,,,,,8.80,,lost
1951,1768440684.1162345,,,,,,,8.88,,lost
1952,1768440684.2889707,,,,,,,8.87,,lost
1953,1768440684.4370265,,,,,,,8.86,,lost
1954,1768440684.5882325,,,,,,,8.98,,lost
1955,1768440684.783917,,,,,,,8.95,,lost
1956,1768440684.9288774,,,,,,,8.98,,lost
1957,1768440685.0792115,,,,,,,8.99,,lost
1958,1768440685.252983,,,,,,,8.94,,lost
1959,1768440685.3991046,,,,,,,8.92,,lost
1960,1768440685.5681882,,,,,,,8.87,,lost
1961,1768440685.72306,,,,,,,8.89,,lost
1962,1768440685.8843455,,,,,,,8.91,,lost
1963,1768440686.0865414,,,,,,,8.90,,lost
1964,1768440686.2692378,,,,,,,8.89,,lost
1965,1768440686.4514594,,,,,,,8.82,,lost
1966,1768440686.6460636,,,,,,,8.80,,lost
1967,1768440686.8235307,,,,,,,8.80,,lost
1968,1768440686.9894557,,,,,,,8.84,,lost
1969,1768440687.1961794,,,,,,,8.76,,lost
1970,1768440687.4121013,,,,,,,8.69,,lost
1971,1768440687.6144884,,,,,,,8.65,,lost
1972,1768440687.7864769,,,,,,,8.66,,lost
1973,1768440687.97499,,,,,,,8.69,,lost
1974,1768440688.1906853,,,,,,,8.66,,lost
1975,1768440688.361135,,,,,,,8.74,,lost
1976,1768440688.5281792,,,,,,,8.74,,lost
1977,1768440688.693113,,,,,,,8.82,,lost
1978,1768440688.9030566,,,,,,,8.80,,lost
1979,1768440689.084864,,,,,,,8.77,,lost
1980,1768440689.3163087,,,,,,,8.75,,lost
1981,1768440689.5179877,,,,,,,8.69,,lost
1982,1768440689.6944828,,,,,,,8.71,,lost
1983,1768440689.8520284,,,,,,,8.71,,lost
1984,1768440690.0060105,,,,,,,8.71,,lost
1985,1768440690.1703787,,,,,,,8.72,,lost
1986,1768440690.3399906,,,,,,,8.69,,lost
1987,1768440690.4874892,,,,,,,8.68,,lost
1988,1768440690.6821144,,,,,,,8.66,,lost
1989,1768440690.8556483,,,,,,,8.62,,lost
1990,1768440691.0779843,,,,,,,8.58,,lost
1991,1768440691.2846472,,,,,,,8.49,,lost
1992,1768440691.4726775,,,,,,,8.43,,lost
1993,1768440691.6556828,,,,,,,8.47,,lost
1994,1768440691.8640568,,,,,,,8.42,,lost
1995,1768440692.0759318,,,,,,,8.43,,lost
1996,1768440692.2770998,,,,,,,8.40,,lost
1997,1768440692.4781373,,,,,,,8.32,,lost
1998,1768440692.6680713,,,,,,,8.31,,lost
1999,1768440692.828812,,,,,,,8.39,,lost
2000,1768440692.9990666,,,,,,,8.47,,lost
2001,1768440693.1525698,,,,,,,8.56,,lost
2002,1768440693.3209713,,,,,,,8.61,,lost
2003,1768440693.4693244,,,,,,,8.67,,lost
2004,1768440693.634077,,,,,,,8.74,,lost
2005,1768440693.8563678,,,,,,,8.63,,lost
2006,1768440694.044753,,,,,,,8.59,,lost
2007,1768440694.2343616,,,,,,,8.52,,lost
2008,1768440694.4314978,,,,,,,8.56,,lost
2009,1768440694.6302176,,,,,,,8.54,,lost
2010,1768440694.8025162,,,,,,,8.60,,lost
2011,1768440694.9901795,,,,,,,8.61,,lost
2012,1768440695.1669924,,,,,,,8.59,,lost
2013,1768440695.3597846,,,,,,,8.53,,lost
2014,1768440695.5668662,,,,,,,8.45,,lost
2015,1768440695.785848,,,,,,,8.40,,lost
2016,1768440695.9665186,,,,,,,8.36,,lost
2017,1768440696.1841981,,,,,,,8.23,,lost
2018,1768440696.3747504,,,,,,,8.19,,lost
2019,1768440696.5516474,,,,,,,8.18,,lost
2020,1768440696.7455304,,,,,,,8.23,,lost
2021,1768440696.911259,,,,,,,8.28,,lost
2022,1768440697.065224,,,,,,,8.36,,lost
2023,1768440697.2166133,,,,,,,8.39,,lost
2024,1768440697.3540547,,,,,,,8.49,,lost
2025,1768440697.4830241,,,,,,,8.57,,lost
2026,1768440697.6800644,,,,,,,8.58,,lost
2027,1768440697.863299,,,,,,,8.64,,lost
2028,1768440698.0815055,,,,,,,8.61,,lost
2029,1768440698.28525,,,,,,,8.54,,lost
2030,1768440698.4550023,,,,,,,8.52,,lost
2031,1768440698.666674,,,,,,,8.44,,lost
2032,1768440698.8291252,,,,,,,8.44,,lost
2033,1768440699.0038667,,,,,,,8.39,,lost
2034,1768440699.2396705,,,,,,,8.32,,lost
2035,1768440699.402057,,,,,,,8.42,,lost
2036,1768440699.6075068,,,,,,,8.42,,lost
2037,1768440699.785868,,,,,,,8.46,,lost
2038,1768440699.9522707,,,,,,,8.50,,lost
2039,1768440700.1616557,,,,,,,8.46,,lost
2041,1768440700.550469,,,,,,,8.45,,lost
2042,1768440700.7340846,,,,,,,8.46,,lost
2043,1768440700.9541888,,,,,,,8.48,,lost
2044,1768440701.1572978,,,,,,,8.50,,lost
2045,1768440701.3496428,,,,,,,8.49,,lost
2046,1768440701.5477319,,,,,,,8.48,,lost
2047,1768440701.761667,,,,,,,8.53,,lost
2048,1768440701.9481878,,,,,,,8.57,,lost
2049,1768440702.1017747,,,,,,,8.63,,lost
2050,1768440702.2630556,,,,,,,8.64,,lost
2051,1768440702.4435472,,,,,,,8.63,,lost
2052,1768440702.5761416,,,,,,,8.65,,lost
2053,1768440702.7582536,,,,,,,8.55,,lost
2054,1768440702.968447,,,,,,,8.46,,lost
2055,1768440703.1513107,,,,,,,8.39,,lost
2057,1768440703.488623,,,,,,,8.44,,lost
2058,1768440703.7280767,,,,,,,8.49,,lost
2059,1768440703.892473,,,,,,,8.59,,lost
2060,1768440704.0549545,,,,,,,8.61,,lost
2061,1768440704.199609,,,,,,,8.69,,lost
2062,1768440704.3399837,,,,,,,8.72,,lost
2063,1768440704.4835446,,,,,,,8.79,,lost
2064,1768440704.6334255,,,,,,,8.88,,lost
2065,1768440704.8013303,,,,,,,8.88,,lost
2066,1768440704.9669626,,,,,,,8.92,,lost
2067,1768440705.152316,,,,,,,8.90,,lost
2068,1768440705.3934393,,,,,,,8.77,,lost
2069,1768440705.5668094,,,,,,,8.85,,lost
2070,1768440705.76615,,,,,,,8.87,,lost
2071,1768440705.9768384,,,,,,,8.82,,lost
2072,1768440706.1579332,,,,,,,8.86,,lost
2073,1768440706.3420393,,,,,,,8.86,,lost
2074,1768440706.564517,,,,,,,8.86,,lost
2075,1768440706.7597103,,,,,,,8.87,,lost
2076,1768440706.953088,,,,,,,8.84,,lost
2077,1768440707.146175,,,,,,,8.87,,lost
2078,1768440707.3407738,,,,,,,8.87,,lost
2079,1768440707.5608528,,,,,,,8.78,,lost
2080,1768440707.7700722,,,,,,,8.71,,lost
2081,1768440707.9388435,,,,,,,8.76,,lost
2082,1768440708.119055,,,,,,,8.71,,lost
2083,1768440708.2927322,,,,,,,8.78,,lost
2084,1768440708.4664574,,,,,,,8.83,,lost
2085,1768440708.6579683,,,,,,,8.79,,lost
2086,1768440708.8600647,,,,,,,8.78,,lost
2087,1768440709.0698307,,,,,,,8.69,,lost
2089,1768440709.4519315,,,,,,,8.57,,lost
2090,1768440709.6255896,,,,,,,8.55,,lost
2091,1768440709.797739,,,,,,,8.53,,lost
2092,1768440709.9611683,,,,,,,8.46,,lost
2093,1768440710.1688087,,,,,,,8.31,,lost
2094,1768440710.3832998,,,,,,,8.20,,lost
2095,1768440710.5712008,,,,,,,8.19,,lost
2096,1768440710.7640502,,,,,,,8.12,,lost
2097,1768440710.956594,,,,,,,8.07,,lost
2098,1768440711.1347823,,,,,,,8.19,,lost
2099,1768440711.295682,,,,,,,8.21,,lost
2101,1768440711.6828725,,,,,,,8.17,,lost
2105,1768440712.4110866,,,,,,,8.13,,lost
2121,1768440715.06891,,,,,,,8.72,,lost
2122,1768440715.2409139,,,,,,,8.75,,lost
2130,1768440716.5263014,,,,,,,9.21,,lost
2131,1768440716.7150393,,,,,,,9.27,,lost
2134,1768440717.1855464,,,,,,,9.43,,lost
2135,1768440717.3868105,,,,,,,9.36,,lost
2136,1768440717.5462031,,,,,,,9.50,,lost
2137,1768440717.7316442,,,,,,,9.55,,lost
2138,1768440717.8819237,,,,,,,9.57,,lost
2139,1768440718.0245023,,,,,,,9.61,,lost
2140,1768440718.1851091,,,,,,,9.57,,lost
2141,1768440718.3280637,,,,,,,9.68,,lost
2167,1768440723.0020506,,,,,,,8.83,,lost
2183,1768440725.9529684,,,,,,,8.46,,lost
2185,1768440726.2983024,,,,,,,8.50,,lost
2187,1768440726.610055,,,,,,,8.55,,lost
2196,1768440728.064339,,,,,,,8.93,,lost
2197,1768440728.2151887,,,,,,,9.03,,lost
2200,1768440728.648125,,,,,,,9.07,,lost
2201,1768440728.8014352,,,,,,,9.12,,lost
2202,1768440728.995111,,,,,,,9.03,,lost
2203,1768440729.1745596,,,,,,,9.09,,lost
2204,1768440729.3869183,,,,,,,9.00,,lost
2206,1768440729.8050928,,,,,,,9.00,,lost
2207,1768440729.9825325,,,,,,,9.00,,lost
2208,1768440730.1468349,,,,,,,8.97,,lost
2209,1768440730.317581,,,,,,,9.03,,lost
2210,1768440730.4895446,,,,,,,9.05,,lost
2211,1768440730.6753702,,,,,,,9.15,,lost
2212,1768440730.8669505,,,,,,,9.19,,lost
2214,1768440731.251777,,,,,,,9.06,,lost
2215,1768440731.4495862,,,,,,,9.03,,lost
2216,1768440731.6172662,,,,,,,9.00,,lost
2217,1768440731.8407476,,,,,,,8.82,,lost
2218,1768440732.038113,,,,,,,8.79,,lost
2219,1768440732.2350287,,,,,,,8.76,,lost
2220,1768440732.436434,,,,,,,8.69,,lost
2221,1768440732.6646163,,,,,,,8.53,,lost
2222,1768440732.8591459,,,,,,,8.41,,lost
2223,1768440733.0602458,,,,,,,8.32,,lost
2224,1768440733.2306519,,,,,,,8.33,,lost
2225,1768440733.4280477,,,,,,,8.37,,lost
2226,1768440733.6146066,,,,,,,8.30,,lost
2227,1768440733.7765534,,,,,,,8.29,,lost
2228,1768440733.9246607,,,,,,,8.26,,lost
2229,1768440734.0603545,,,,,,,8.25,,lost
2230,1768440734.212136,,,,,,,8.23,,lost
2231,1768440734.3830857,,,,,,,8.21,,lost
2232,1768440734.582158,,,,,,,8.20,,lost
2233,1768440734.752498,,,,,,,8.20,,lost
2234,1768440734.9369113,,,,,,,8.23,,lost
2235,1768440735.1550038,,,,,,,8.18,,lost
2236,1768440735.3305998,,,,,,,8.26,,lost
2237,1768440735.5200963,,,,,,,8.21,,lost
2238,1768440735.6915069,,,,,,,8.20,,lost
2239,1768440735.8734424,,,,,,,8.14,,lost
2240,1768440736.0568027,,,,,,,8.20,,lost
2241,1768440736.1964746,,,,,,,8.25,,lost
2242,1768440736.3443756,,,,,,,8.31,,lost
2243,1768440736.5256371,,,,,,,8.28,,lost
2244,1768440736.6716855,,,,,,,8.36,,lost
2245,1768440736.8333886,,,,,,,8.42,,lost
2246,1768440736.969208,,,,,,,8.48,,lost
